subject_id	workflow_id	task	reducer	data.aggregation_version	data.aligned_text	data.number_views	data.consensus_score	data.consensus_text	data.gold_standard	data.user_ids
38032206	12588	T5	text_reducer	3.4.5						
38032206	12588	T6	text_reducer	3.4.5	"[['Form'], ['A.'], ['3533'], ['Date'], ['Negro'], ['College'], ['Graduates'], ['Individual'], ['Occupational'], ['History'], ['I.'], ['Social'], ['Information'], ['1.'], ['Name'], ['Anna'], ['Julia'], ['Cooper'], ['2.'], ['Present'], ['address'], ['201'], ['T'], ['R.W.'], ['Washington'], ['D.C.'], ['3.'], ['(If'], ['married'], ['woman,'], ['give'], ['maiden'], ['name'], ['on'], ['this'], ['line)'], ['Anna'], ['Julia'], ['Haywood'], ['4.'], ['Length'], ['of'], ['residence'], ['in'], ['this'], ['city'], ['45'], ['Yrs.'], ['State'], ['of'], ['longest'], ['residence'], ['5.'], ['Age'], ['72'], ['Sex'], ['F'], ['Date'], ['of'], ['Birth'], ['Aug'], ['10,'], ['1860'], ['Place'], ['of'], ['birth'], ['Raleigh,'], ['N.C.'], ['6.'], ['Marital'], ['status:'], ['Single'], ['Widowed'], ['Married'], ['-'], ['Date'], ['of'], ['Marriage'], ['June'], ['21,'], ['1877'], ['Age'], ['at'], ['marriage'], ['17'], ['Divorced'], ['Date'], ['Separated'], ['Date'], ['Widowed'], ['Date'], ['Sept.'], ['27'], ['1879'], ['Deserted'], ['Date'], ['Remarried'], ['Date'], ['7.'], ['Children'], ['living:'], ['None'], ['Children'], ['dead:'], ['None'], ['8.'], ['Present'], ['occupation:'], ['Teacher'], ['and'], ['President'], ['Frelinghuysen'], ['University'], ['9.'], ['Present'], ['annual'], ['salary'], ['$'], ['50.00'], ['or'], ['yearly'], ['net'], ['income,'], ['deducting'], ['expenses'], ['of'], ['earning'], ['except'], ['income'], ['tax.....or'], ['kindly'], ['check'], ['the'], ['class'], ['within'], ['which'], ['your'], ['net'], ['income'], ['falls:'], ['Under'], ['$'], ['500'], ['$'], ['500-'], ['$'], ['999'], ['$'], ['1000-1499'], ['X'], ['$'], ['1500-1999'], ['$'], ['2000-2499'], ['$'], ['2500-'], ['$'], ['2999'], ['$'], ['3000-'], ['$'], ['3499'], ['$'], ['3500-'], ['$'], ['3999'], ['$'], ['4000-'], ['$'], ['4499'], ['$'], ['4500-'], ['$'], ['4999'], ['$'], ['5000-'], ['$'], ['5999'], ['$'], ['6000-'], ['$'], ['6999'], ['$'], ['7000-'], ['$'], ['7999'], ['$'], ['8000-'], ['$'], ['8999'], ['$'], ['9000-'], ['$'], ['9999'], ['$'], ['10,000'], ['and'], ['over'], ['10.'], ['Of'], ['what'], ['college'], ['or'], ['professional'], ['school'], ['are'], ['you'], ['a'], ['graduate?'], ['Oberlin'], ['College'], ['Date'], ['of'], ['graduation'], ['BA,'], ['1884,'], ['MA'], ['1887'], ['11.'], ['Occupations'], ['since'], ['graduation'], ['From'], ['To'], ['Yearly'], ['Salary'], ['1.'], ['Professor'], ['Modern'], ['Lang.'], ['and'], ['Lit.'], ['Wilberforce'], ['U.'], ['Sept.'], ['1884'], ['June'], ['1885'], ['1000'], ['2.'], ['Instructor'], ['in'], ['Math'], ['Latin'], ['and'], ['Greek,'], ['St.'], ['Aug.'], ['Normal'], ['Sc.'], ['Sept.'], ['1885'], ['June'], ['1887'], ['Less'], ['than'], ['1000'], ['forget'], ['exactly'], ['3.'], ['Teacher'], ['Washington'], ['High'], ['School'], ['Sept.'], ['1887'], ['from'], ['750'], ['up'], ['4.'], ['Principal'], ['M.'], ['St.'], ['High'], ['School'], ['Dec'], ['1901'], ['Sept'], ['1906'], ['5.'], ['Professor'], ['Foreign'], ['Languages'], ['Lincoln'], ['Inst.'], ['MO'], ['1906'], ['1910'], ['1100'], ['6.'], ['Teacher'], ['of'], ['Latin'], ['Washington'], ['High'], ['School'], ['1910'], ['1930'], ['1800'], ['7.'], ['Retired'], ['from'], ['Public'], ['Schools'], ['June'], ['1930'], ['Pension'], ['1434'], ['8.'], ['President'], ['Frelinghuysen'], ['University'], ['June'], ['1930'], ['50.']]"	1.0	1.0	"Form A. 3533 Date Negro College Graduates Individual Occupational History I. Social Information 1. Name Anna Julia Cooper 2. Present address 201 T R.W. Washington D.C. 3. (If married woman, give maiden name on this line) Anna Julia Haywood 4. Length of residence in this city 45 Yrs. State of longest residence 5. Age 72 Sex F Date of Birth Aug 10, 1860 Place of birth Raleigh, N.C. 6. Marital status: Single Widowed Married - Date of Marriage June 21, 1877 Age at marriage 17 Divorced Date Separated Date Widowed Date Sept. 27 1879 Deserted Date Remarried Date 7. Children living: None Children dead: None 8. Present occupation: Teacher and President Frelinghuysen University 9. Present annual salary $ 50.00 or yearly net income, deducting expenses of earning except income tax.....or kindly check the class within which your net income falls: Under $ 500 $ 500- $ 999 $ 1000-1499 X $ 1500-1999 $ 2000-2499 $ 2500- $ 2999 $ 3000- $ 3499 $ 3500- $ 3999 $ 4000- $ 4499 $ 4500- $ 4999 $ 5000- $ 5999 $ 6000- $ 6999 $ 7000- $ 7999 $ 8000- $ 8999 $ 9000- $ 9999 $ 10,000 and over 10. Of what college or professional school are you a graduate? Oberlin College Date of graduation BA, 1884, MA 1887 11. Occupations since graduation From To Yearly Salary 1. Professor Modern Lang. and Lit. Wilberforce U. Sept. 1884 June 1885 1000 2. Instructor in Math Latin and Greek, St. Aug. Normal Sc. Sept. 1885 June 1887 Less than 1000 forget exactly 3. Teacher Washington High School Sept. 1887 from 750 up 4. Principal M. St. High School Dec 1901 Sept 1906 5. Professor Foreign Languages Lincoln Inst. MO 1906 1910 1100 6. Teacher of Latin Washington High School 1910 1930 1800 7. Retired from Public Schools June 1930 Pension 1434 8. President Frelinghuysen University June 1930 50."	[False]	[1973913.0]
38032206	12588	T7	text_reducer	3.4.5						
38032207	12588	T5	text_reducer	3.4.5						
38032207	12588	T6	text_reducer	3.4.5						
38032207	12588	T7	text_reducer	3.4.5						
38032208	12588	T5	text_reducer	3.4.5						
38032208	12588	T6	text_reducer	3.4.5	"[['St.', 'St.', 'St.', 'St'], ['Augustines', ""augustine's"", 'Augustines[unclear]', 'Augustines'], ['Normal', 'normal', 'Normal', 'Normal'], ['Collegiate', 'Collegiate', '[/unclear]Collegiate', 'Colledial'], ['Inst.', 'Inst.', 'Inst.', 'Inst.'], ['', '', '', '['], ['[Now', '[now', '[Now', 'Now'], ['St.', 'St.', 'St.', 'St.'], ['Aug.', 'aug.', 'Aug.', 'Aug'], ['College.]', 'College.]', 'College.]', 'College.]'], ['Raleigh', 'Raleigh', 'Raleigh', 'Raleigh'], ['N.C.', 'n.c.', 'N.C.', 'N.C.'], ['No', 'no', 'No', 'No'], ['graduation', 'graduation', 'graduation', 'graduation'], ['in', 'in', 'in', 'in'], ['my', 'my', 'my', 'my'], ['day.', 'day.', 'day.', 'day.'], ['Under', 'Under', 'Under', 'Under'], ['Dr', 'Dr.', 'Dr.', 'Dr'], ['J.', '', 'J', 'J.'], ['[unclear]Brintone[/unclear]', 'Brintone', 'Brinton', 'Brinton'], ['Smith,', 'Smith', 'Smith', 'Smith,'], ['founder,', 'founder,', 'founder.', 'founder,'], ['I', 'I', 'I', 'I'], ['was', 'was', 'was', 'was'], ['made', 'made', 'made', 'made'], ['pupil', 'pupil', 'pupil', 'pupil'], ['teacher', 'teacher', 'teacher', 'teacher'], ['at', 'at', 'at', 'at'], ['the', 'the', 'the', 'the'], ['age', 'age', 'age', 'age'], ['of', 'of', 'of', 'of'], ['8,', '8.', '8.', '8,'], ['first', 'First,', 'First', 'first'], ['for', 'for', 'for', 'for'], ['board', 'board', 'board', 'board'], ['+', 'and', '+', '+'], ['tuition,', 'tuition.', 'tution', 'tuition'], ['teaching', 'Teaching', 'teaching', 'Teaching'], ['+', 'and', '+', '+'], ['studying,', 'Studying,', 'studying,', 'Studying,'], ['married', 'married', 'married', 'married+'], ['+', 'and', '+', ''], ['widowed', 'widowed', 'widowed', 'widowed'], ['in', 'in', 'in', 'in'], ['this', 'this', 'this', 'this'], ['""world""', '""world""', '""world""', ""'world'""], ['of', 'of', 'of', 'of'], ['a', 'a', 'a', 'a'], ['church', 'church', 'church', 'church'], ['school', 'school.', 'school.', 'school.'], ['I', '', 'I', 'I'], ['think', 'thank', 'think', 'think'], ['the', 'the', 'the', 'the'], ['preparation', 'preparation', 'preparation', 'preparation'], ['for', 'for', 'for', 'for'], ['a', '', '', ''], ['[insertion][/insertion]', '[unclear][/unclear]', '[deletion][/deletion]', ''], ['may', 'may', 'may', 'may'], ['pass', 'pass', 'pass', 'pass'], ['as', 'as', 'as', 'as'], ['""good""', '""good""', '""good""', ""'good'""], ['for', 'in', 'for', 'for'], ['the', 'the', 'the', 'the'], ['time', 'time', 'time', 'time'], ['in', '', 'in', 'in'], ['that', 'that', 'that', 'that'], ['I', 'I', 'I', 'I'], ['was', 'was', 'was', 'was'], ['admitted', 'admitted', 'admitted', 'admitted'], ['on', 'on', 'on', 'on'], ['examination', 'examination', 'examination', 'examination'], ['with', 'with', 'with', 'with'], ['some', 'some', 'some', 'some'], ['praise', 'praise', 'praise', 'praise'], ['to', 'to', 'to', 'to'], ['the', 'the', 'the', 'the'], ['Sophmore', 'Sophomore[unclear][/unclear]', 'Sophomore', 'Sophomore'], ['', '', '[deletion][/deletion]', ''], ['entrance', 'Entrance', 'Entrance', 'Entrance'], ['exams,', 'exams', 'exams,', 'exams'], ['in', 'in', 'in', 'in'], ['the', 'the', 'the', 'the'], ['[unclear]Anabasis,', 'anabasis', 'Anabasis,', '[unclear]Anabasis'], ['the', 'the', 'the', 'the'], ['Iliad', 'Iliad', 'Iliad,', 'iljad'], ['Caes,', '[unclear][/unclear]', 'Caes.,', 'Caes'], ['Cic[/unclear],', 'plane', 'Cic,', 'Cic[/unclear]'], ['Plane', 'and', 'Plane', 'Plane'], ['+', '', '+', '+'], ['Solid', 'Solid', 'Solid', 'Solid'], ['Geometry', 'geometry.', 'Geometry', 'Geometry'], ['Conditioned', 'Conditioned', 'Conditioned', 'Conditioned'], ['[unclear]in[/unclear]', '[unclear][/unclear]', 'w', 'in'], ['Trig.', 'Trig.', 'Trig.', 'Trig'], ['Mechanics,', 'mechanics,', 'Mechanics,', 'Mechanics,'], ['Physics,', 'physics,', 'Physics,', 'Physics,'], ['Hist.', 'hist.', 'Hist.', 'Hist'], ['of', 'of', 'of', 'of'], ['Civilization,', '[unclear][/unclear],', 'Civilization,', '[unclear]cwilikakon[/unclear]'], ['the', '', 'the', 'the'], ['Odyssey', 'Odyssey', 'Odyssey,', 'Odyssey'], ['made', 'made', 'made', 'made'], ['up', '', 'up', 'up'], ['[unclear]are[/unclear]', '', 'in', '[unclear]ee[/unclear]'], ['one', '', 'one', 'one'], ['year', '', '[unclear]year[/unclear]', 'yea'], ['', '', '', 'or'], ['', '', '[unclear]Conscience', 'science'], ['of', 'of', 'of', 'of'], ['Science', 'us-', '', ''], ['of', 'one', '', ''], ['Government.', 'year.', 'Government', 'Government'], ['St.', 'St.', 'St.', 'St.'], ['Aug.', 'aug', 'Aug.', 'Aug.'], ['Normal', 'normal', 'Normal', 'Normal'], ['+', 'and', '+', '+'], ['Collegiate', 'Collegiate', 'Collegiate', 'Collegiate'], ['from', 'from', 'from', 'from'], ['early', 'early', 'early', 'early'], ['youth', 'youth', 'youth', 'youth'], ['to', 'to', 'to', 'to'], ['1881', '1881', '1881', '1881'], ['none', 'none', 'None', 'None'], ['Oberlin', 'Oberlin', 'Oberlin', 'Oberlin'], ['Sept.', 'Sept', 'Sept.', 'Sept.'], [""'81"", ""'81-"", ""'81"", ""'""], ['', '', '', '81'], ['', '', '-', '-'], ['June', 'June', 'June', 'June'], [""'84"", ""'84"", ""'84"", ""'84""], ['A.B.', 'a.B.', 'A.B.', 'A.B.'], ['Oberlin', 'Oberlin', 'Oberlin', 'Oberlin'], ['on', 'on', 'on', 'on'], ['3', '3', '3', '3'], ['yrs.', 'yrs.', 'yrs.', 'yrs.'], ['[unclear](College[/unclear]', 'College', 'College', 'College'], ['Teaching', 'teaching', 'Teaching', 'Teaching'], ['', '', '', ""'""], [""'84"", ""'84-'87"", ""'84"", '84'], ['', '', '-', '-'], [""'87"", '', ""'87"", ""'87""], ['M.A.', 'M.a', 'M.A.', 'M.A'], ['Columbia', 'Columbia', 'Columbia', 'Columbia'], ['on', 'on', 'on', 'on'], ['4', '4', '4', '4'], ['yrs', 'yrs', 'yrs', 'yrs'], ['graduate', 'graduate', 'graduate', 'graduate'], ['courses', 'courses', 'courses', 'courses'], ['in', 'in', 'in', 'in'], ['S.S.', 'S.S.', 'S.S.', 'S.S.'], ['1914,', '1914,15,16,17', '1914,', '1914,'], ['15,', '', '15,', '15,'], ['16,', '', '16,', '16,'], ['17', '', '17', '17'], ['[unclear]Guilde[/unclear]', '[unclear][/unclear]', 'Guilde', '[unclear]Guilde'], ['Internationale', '', 'Internationale', 'Internationale[/unclear]'], ['Paris', '', 'Paris', 'Paris'], ['S.', '', 'S.S.', 'S.'], ['5.', '', '5.', '5.'], ['Universite', 'University', 'Université', 'Universite'], ['de', 'de', 'de', 'de'], ['Paris,', 'Paris,', 'Paris,', 'Paris,'], ['La', 'La', 'La', 'La'], ['Sorbonne', 'Sorbonne', 'Sorbonne', 'Sorbonne'], [""1924-'25."", ""1924-'25."", ""1924-'25"", '1924'], ['', '', '', '-'], ['', '', '', ""'25""], ['Residence', 'Residence', 'Residence', 'Residence'], ['+', 'and', '+', '+'], ['thesis.', 'thesis', 'thesis,', 'thesis'], ['', '', '', '|'], ['PhD.', 'PhD.', 'PhD.', 'PhD.'], ['Personal', 'Personal', 'Personal', 'Personal'], ['earnings', 'earnings', 'earnings', 'earnings'], ['All', 'all', 'All', 'all'], ['innate', 'innate', 'innate', '[insertion]+indomitable[/insertion]innate'], ['', '', '', '""'], ['""wanting', '""wanting', '""wanting', 'wanting'], ['to', 'to', 'to', 'to'], ['know""', 'know""', 'know""', 'know'], ['indomitable', 'indomitable', 'indomitable', ''], ['Mathematics', 'Mathematics', 'Mathematics', 'Mathematics'], ['(I', '(I', '(I', '(I'], ['took', 'took', 'took', 'took'], ['all', 'all', 'all', 'all'], ['in', 'in', 'in', 'in'], ['the', 'the', 'the', 'the'], ['course', 'course', 'course)', 'course'], ['Philosophy,', 'Philosophy', 'Philosophy', 'Philosophy'], ['Moral', '[unclear][/unclear]', 'Moral', '[unclear]Moral'], ['+', 'and', '+', '+'], ['[unclear]Mantal[/unclear],', 'mental', '[unclear]Mental[/unclear],', 'Mental[/unclear],'], ['Logic,', 'logic,', 'Logic,', 'Logic,'], ['Trig', 'trig', 'Trig.', 'Trig'], ['+', 'and', '+', '+'], ['[unclear]?[/unclear]', '[unclear][/unclear]', '[deletion][/deletion]', ''], ['I', 'I', 'I', 'I'], ['do', 'do', 'do', 'do'], ['not', 'not', 'not', 'not'], ['recall', 'recall', 'recall', 'recall'], ['any', 'any', 'any', 'any'], ['that', 'that', 'that', 'that'], ['I', 'I', 'I', 'I'], ['did', 'did', 'did', 'did'], ['not', 'not', 'not', 'not'], ['thoroly', 'thoroly', 'thoroly', 'thoroly'], ['enjoy.', 'enjoy.', 'enjoy.', 'enjoy'], ['I', 'I', 'I', 'I'], ['have', 'have', 'have', 'have'], ['had', 'had', 'had', 'had'], ['to', 'to', 'to', 'to'], ['use', 'use', 'use', 'use'], ['them', 'there', 'them', 'them'], ['all', 'all', 'all.', 'all'], ['I', '', 'I', 'I'], ['think', 'think', 'think', 'think'], ['at', 'at', 'at', 'at'], ['some', '[unclear][/unclear]', '[unclear]some[/unclear]', 'som'], ['President', 'President', 'President', 'President'], ['Fairchild,', 'Fairchild,', 'Fairchild,', 'Fairchild,'], ['Prof.', 'Prof.', 'Prof.', 'Prof.'], ['Churchill,', 'Churchill.', 'Churchill,', 'Churchill,'], ['Tutor', 'Tutor', 'Tutor', 'Tutor'], ['(now', '(now', '(now', '(now'], ['', '', '', 'Ex.'], ['Ex-Pres.)', 'Ex-Pres.)', 'Ex-Pres.)', 'Pres.)'], ['King', 'King', 'King', 'King'], ['of', 'of', 'of', 'of'], ['Oberlin,', 'Oberlin,', 'Oberlin,', 'Oberlin,'], ['Paul', 'Paul-', 'Paul[unclear]-Prival[/unclear]', ''], ['-[unclear]Priva', 'Prival', '', 'Paul-[unclear]Prival'], ['Deschanel,', 'Deschavel', 'Déschanel,', 'Deschauel[/unclear]'], ['C.', 'C.', 'C.', 'C.'], ['Cestre', 'Cester', '[unclear]Cestre[/unclear]', 'Cest[unclear]nr[/unclear]'], ['', '', '+', ''], ['Sagna[/unclear]', 'Sagnac', 'Sagnac', 'Sagnac'], ['""Thursday', '""Thursday', '""Thursday', '""Thursday'], ['Lectures,""', 'Lac\'Aures""Mrs.', 'Lectures,""', 'Lectures""'], ['Mrs.', '', 'Mrs.', 'Mrs.'], ['Johnst', '', 'Johnston', 'Johnst'], ['Gen', '', 'Gen[unclear]', ''], ['[unclear]CK""[/unclear]', '[unclear][/unclear]', '""LK""[/unclear]', 'Gen[unclear]""LK""[/unclear]'], ['for', 'for', 'for', 'for'], ['Women,', 'women,', 'women,', 'Women,'], ['+', 'and', '+', '+'], ['weekly', 'weekly', 'weekly', 'weekly'], ['young', 'young', 'young', 'young'], [""people's"", ""people's"", ""people's"", ""people's""], ['Meetings,', 'meetings,', 'meetings,', 'Meetings,'], ['with', 'with', 'with', 'with'], ['of', 'of', 'of', 'of'], ['course', 'course', 'course', 'course'], ['the', 'the', 'the', 'the'], ['Oberlin', 'Oberlin,', 'Oberlin', 'Oberlin'], ['a', 'and', '', ''], ['the', 'the', '', 'a[insertion]the'], ['music,', 'music,', '', 'music,'], ['the', 'the', '', 'the'], ['sermons', 'sermons', '', 'sermons'], ['brother[unclear]ho[/unclear]', '', '', 'brotherho[/insertion]'], ['Oberlin', '', 'Oberlin', 'Oberlin'], ['had', '', 'had', 'had'], ['none', '', 'none', 'none'], ['in', '', 'in', 'in'], ['my', '', 'my', 'my'], ['day!', '', 'day.', 'day.'], ['', '', 'The', ''], ['', '', 'music,', ''], ['', '', 'the', ''], ['', '', 'sermons,', ''], ['', 'brotherhood', 'brothers', ''], ['L.L.S.', 'L.L.S.', 'L.L.S.', 'L.L.S.'], ['I', 'I', 'I', 'I'], ['taught', 'taught', 'taught', 'taught'], ['advanced', 'advanced', 'advanced', 'advanced'], ['Algebra', 'algebra', 'Algebra', 'Algebra'], ['in', 'in', 'in', 'in'], ['Oberlin', 'Oberlin', 'Oberlin', 'Oberlin'], ['Academy', 'academy', 'Academy', 'Academy'], ['the', 'the', 'The', 'The'], ['students', 'students', 'students', 'students'], ['were', 'were', 'were', 'were'], ['white.', 'white.', 'white.', 'white.']]"	4.0	3.0492957746478900	"St. Augustines Normal Collegiate Inst. [ [Now St. Aug. College.] Raleigh N.C. No graduation in my day. Under Dr J. Brinton Smith, founder, I was made pupil teacher at the age of 8, first for board + tuition, teaching + studying, married + widowed in this ""world"" of a church school. I think the preparation for a [insertion][/insertion] may pass as ""good"" for the time in that I was admitted on examination with some praise to the Sophomore [deletion][/deletion] Entrance exams, in the [unclear]Anabasis, the Iliad Caes, Cic[/unclear], Plane + Solid Geometry Conditioned [unclear]in[/unclear] Trig. Mechanics, Physics, Hist. of Civilization, the Odyssey made up [unclear]are[/unclear] one year or [unclear]Conscience of Science of Government St. Aug. Normal + Collegiate from early youth to 1881 none Oberlin Sept. '81 81 - June '84 A.B. Oberlin on 3 yrs. College Teaching ' '84 - '87 M.A. Columbia on 4 yrs graduate courses in S.S. 1914, 15, 16, 17 [unclear]Guilde[/unclear] Internationale Paris S. 5. Universite de Paris, La Sorbonne 1924-'25. - '25 Residence + thesis | PhD. Personal earnings All innate "" ""wanting to know"" indomitable Mathematics (I took all in the course Philosophy Moral + [unclear]Mantal[/unclear], Logic, Trig + [unclear]?[/unclear] I do not recall any that I did not thoroly enjoy. I have had to use them all I think at some President Fairchild, Prof. Churchill, Tutor (now Ex. Ex-Pres.) King of Oberlin, Paul -[unclear]Priva Deschanel, C. Cestre + Sagnac ""Thursday Lectures,"" Mrs. Johnst Gen [unclear]CK""[/unclear] for Women, + weekly young people's Meetings, with of course the Oberlin a the music, the sermons brother[unclear]ho[/unclear] Oberlin had none in my day. The music, the sermons, brotherhood L.L.S. I taught advanced Algebra in Oberlin Academy the students were white."	"[False, False, False, False]"	"[nan, nan, nan, nan]"
38032208	12588	T7	text_reducer	3.4.5	"[['II.', 'II.', 'II.', 'II.'], ['Undergraduate', 'UNDERGRADUATE', 'UNDERGRADUATE', 'UNDERGRADUATE'], ['History', 'HISTORY', 'HISTORY', 'HISTORY'], ['20.', '20.', '20.', '20.'], ['Preparatory', 'Preparatory', 'Preparatory', 'Preparatory'], ['Training:', 'Training:', 'Training:', 'Training:'], ['Name', 'Name', 'Name', 'Name'], ['of', 'of', 'of', 'of'], ['School', 'School', 'School', 'School'], ['21.', '21.', '21.', '21.'], ['Location', 'Location', 'Location', 'Location'], ['Date', 'Date', 'Date', 'Date'], ['of', 'of', 'of', 'of'], ['graduation', 'graduation', 'graduation', 'graduation'], ['22.', '22.', '22.', '22.'], ['As', 'As', 'As', 'As'], ['you', 'you', 'you', 'you'], ['think', 'think', 'think', 'think'], ['of', 'of', 'of', 'of'], ['it', 'it', 'it', 'it'], ['now,', 'now,', 'now,', 'now,'], ['do', 'do', 'do', 'do'], ['you', 'you', 'you', 'you'], ['regard', 'regard', 'regard', 'regard'], ['your', 'your', 'your', 'your'], ['preparatory', 'preparatory', 'preparatory', 'preparatory'], ['training,', 'training,', 'training,', 'training,'], ['before', 'before', 'before', 'before'], ['college,', 'college,', 'college,', 'college,'], ['as', 'as', 'as', 'as'], ['adequate', 'adequate', 'adequate', 'adequate'], ['or', 'or', 'or', 'or'], ['defective?', 'defective?', 'defective?', 'defective?'], ['i.e.,', 'i.e.,What', 'i.e.,', ""e.g.'""], ['What', '', 'What', 'What'], ['deficiencies', 'deficiencies', 'deficiencies', 'deficiencies'], ['or', 'or', 'or', 'of'], ['omissions', 'omissions', 'omissions', 'omissions'], ['in', 'in', 'in', 'in'], ['that', 'that', 'that', 'that'], ['period', 'period', 'period', 'period'], ['do', 'do', 'do', 'do'], ['you', 'you', 'you', 'you'], ['feel', 'feel', 'feel', 'feel'], ['would', 'would', 'would', 'would'], ['be', 'be', 'be', 'be'], ['of', 'of', 'of', 'of'], ['value', 'value', 'value', 'value'], ['to', 'to', 'to', 'to'], ['you?', 'you?', 'you?', 'you?'], ['Please', 'Please', 'Please', 'Please'], ['comment', 'comment', 'comment', 'comment'], ['briefly', 'briefly', 'briefly', 'briefly'], ['23.', '23.', '23.', '23.'], ['College', 'College', 'College', 'College'], ['and', 'and', 'and', 'and'], ['Professional', 'Professional', 'Professional', 'Professional'], ['Training:', 'Training:', 'Training:', 'Training:'], ['Institution', 'institution', 'Institution', 'Institution'], ['Period', 'Period', 'Period', 'Period'], ['(give', '(give', '(give', '(give'], ['dates)', 'dates)', 'dates)', 'dates)'], ['Diploma', 'Diploma', 'Diploma', 'Diploma'], ['or', 'or', 'or', 'of'], ['degree', 'degree', 'degree', 'degree'], ['1.', '1.', '1', '1'], ['2.', '2.', '2', '2'], ['3.', '3.', '3', '3'], ['4.', '4.', '4', '4'], ['24.', '24.How', '24.', '24.'], ['How', '', 'How', 'How'], ['was', 'was', 'was', 'was'], ['your', 'your', 'your', 'your'], ['education', 'education', 'education', 'education'], ['supported?', 'supported?', 'supported?', 'supported?'], ['25.', '25.', '25.', '25.'], ['What', 'What', 'What', 'What'], ['part', 'part', 'part', 'part'], ['of', 'of', 'of', 'of'], ['your', 'your', 'your', 'your'], ['support', 'support', 'support', 'support'], ['was', 'was', 'was', 'was'], ['earned', 'earned', 'earned', 'earned'], ['through', 'through', 'through', 'through'], ['self-help?', 'self-help?', 'self-help?', 'self-help?'], ['26.', '26.', '26.', '26.'], ['As', 'As', 'As', 'As'], ['you', 'you', 'you', 'you'], ['regarded', 'regarded', 'regarded', 'regarded'], ['it', 'it', 'it', 'it'], ['then,', 'then,', 'then,', 'then,'], ['what', 'what', 'what', 'what'], ['motives', 'motives', 'motives', 'motives'], ['prompted', 'prompted', 'prompted', 'prompted'], ['you', 'you', 'you', 'you'], ['to', 'to', 'to', 'to'], ['go', 'go', 'go', 'go'], ['to', 'to', 'to', 'to'], ['college?', 'college?', 'college?', 'college?'], ['27.', '27.', '27.', '27.'], ['What', 'What', 'What', 'What'], ['was', 'was', 'was', 'was'], ['your', 'your', 'your', 'your'], ['major', 'major', 'major', 'major'], ['subject', 'subject', 'subject', 'subject'], ['or', 'or', 'or', 'or'], ['special', 'special', 'special', 'special'], ['training', 'training', 'training', 'training'], ['in', 'in', 'in', 'in'], ['college?', 'college?', 'college?', 'college?'], ['28.', '28.', '28.', '28.'], ['What', 'What', 'What', 'What'], ['subjects', 'subjects', 'subjects', 'subjects'], ['were', 'were', 'were', 'were'], ['most', 'most', 'most', 'most'], ['liked', 'liked', 'liked', 'liked'], ['(in', '(in', '(in', '(in'], ['order', 'order', 'order', 'order'], ['of', 'of', 'of', 'of'], ['preference)?', 'preference)?', 'preference)?', 'preference)?'], ['29.', '29.', '29.', '29.'], ['What', 'What', 'What', 'What'], ['subjects', 'subjects', 'subjects', 'subjects'], ['were', 'were', 'were', 'were'], ['most', 'most', 'most', 'most'], ['disliked', 'disliked', 'disliked', 'disliked(in'], ['(in', '(in', '(in', ''], ['order)?', 'order)?', 'order)?', 'order)?'], ['30.', '30.', '30.', '30.'], ['What', 'What', 'What', 'What'], ['subject', 'subject', 'subject', 'subject'], ['or', 'or', 'or', 'or'], ['subjects', 'subjects', 'subjects', 'subjects'], ['proved', 'proved', 'proved', 'proved'], ['most', 'most', 'most', 'more'], ['useful', 'useful', 'useful', 'useful'], ['to', 'to', 'to', 'to'], ['you', 'you', 'you', 'you'], ['after', 'after', 'after', 'after'], ['graduation?', 'graduation?', 'graduation?', 'graduation?'], ['31.', '31.', '31.', '31.'], ['What', 'What', 'What', 'What'], ['faculty', 'faculty', 'faculty', 'faculty'], ['members', 'members', 'members', 'members'], ['proved', 'proved', 'proved', 'proves'], ['most', 'most', 'most', 'most'], ['stimulating', 'stimulating', 'stimulating', 'stimulating'], ['to', 'to', 'to', 'to'], ['you?', 'you?', 'you?', 'you?'], ['(Give', '(Give', '(Give', '(Give'], ['names', 'names', 'names', 'names'], ['and', 'and', 'and', 'and'], ['position', 'positions', 'positions', 'position'], ['of', 'of', 'of', 'of'], ['faculty)', 'faculty)', 'faculty)', 'faculty)'], ['32.', '32.', '32.', '32.'], ['What', 'What', 'What', 'What'], ['school', 'school', 'school', 'school'], ['influences', 'influences', 'influences', 'influences'], ['were', 'were', 'were', 'were'], ['most', 'most', 'most', 'most'], ['important', 'important', 'important', 'important'], ['in', 'in', 'in', 'in'], ['giving', 'giving', 'giving', 'giving'], ['direction', 'direction', 'direction', 'direction'], ['to', 'to', 'to', 'to'], ['your', 'your', 'your', 'your'], ['life?', 'life?', 'life?', 'life?'], ['33.', '33.', '33.', '33.'], ['To', 'To', 'To', 'To'], ['what', 'what', 'what', 'what'], ['honor', 'honor', 'honor', 'honor'], ['societies', 'societies', 'societies', 'societies'], ['did', 'did', 'did', 'did'], ['you', 'you', 'you', 'you'], ['belong', 'belong', 'belong', 'belong'], ['in', 'in', 'in', 'in'], ['college?', 'college?', 'college?', 'college?'], ['34.', '34.', '34.', '34.'], ['To', 'To', 'To', 'To'], ['what', 'what', 'what', 'what'], ['fraternity', 'fraternity', 'fraternity', 'fraternity'], ['or', 'or', 'or', 'of'], ['sorority?', 'society?', 'sorority?', 'sorority?'], ['Please', 'Please', 'Please', 'Please'], ['check', 'check', 'check', 'check'], ['extra-curricular', 'extra-curricular', 'extra-curricular', 'extra-curricular'], ['activities', 'activities', 'activities', 'activities'], ['engaged', 'engaged', 'engaged', 'engages'], ['in', 'in', 'in', 'in'], ['', 'regu-larly', 'REGU-LARLY', 'REGULARLY'], ['', 'occasion-ally', 'OCCASION-ALLY', 'OCCASIONALLY'], ['', '', '', 'REGULARLY'], ['', '', '', 'OCCASIONALLY'], ['', '35.', '35.', '35.'], ['', 'A.', 'A.', 'A.'], ['', 'On', 'On', 'On'], ['', 'campus', 'campus', 'campus'], ['', 'Athletics', 'Athletics', 'Athletics'], ['', 'Oratory', 'Oratory', 'Oratory'], ['', 'and', 'and', 'and'], ['', 'debating', 'debating', 'debating'], ['', 'Fraternity', 'Fraternity', 'Fraternity'], ['', 'or', 'or', 'or'], ['', 'sorority', 'sorority', 'sorority'], ['', 'Literary', 'Literary', 'Literary'], ['', 'society', 'society', 'society'], ['', 'Dramatics', 'Dramatics', 'Dramatics'], ['', 'Music', 'Music', 'Music'], ['', 'Religion', 'Religion', 'Religion'], ['', 'Publications', 'Publications', ''], ['', 'Student', 'Student', ''], ['', 'Government', 'government', ''], ['', 'regu-larly', 'REGU-LARLY', ''], ['', 'occasion-ally', 'OCCASION-ALLY', ''], ['', 'On', 'On', 'On'], ['', 'campus', 'Campus', 'campus'], ['', 'Social', 'Social', 'Social'], ['', 'club', 'club', 'club'], ['', 'Other', 'Other', 'Other'], ['', 'forms', 'forms', 'forms'], ['', 'B.', 'B.', 'B.'], ['', 'Off', 'Off', 'Off'], ['', 'campus', 'campus', 'campus'], ['', 'Church', 'Church', 'Church'], ['', 'work', 'work', 'work'], ['', 'Social', 'Social', 'Social'], ['', 'club', 'club', 'Club'], ['', 'Civic', 'Civic', ''], ['', 'or', 'or', ''], ['', 'social', 'social', ''], ['', 'service', 'service', ''], ['', 'Other', 'Other', ''], ['', 'forms', 'forms', '']]"	4.0	3.594017094017090	"II. UNDERGRADUATE HISTORY 20. Preparatory Training: Name of School 21. Location Date of graduation 22. As you think of it now, do you regard your preparatory training, before college, as adequate or defective? i.e., What deficiencies or omissions in that period do you feel would be of value to you? Please comment briefly 23. College and Professional Training: Institution Period (give dates) Diploma or degree 1. 2. 3. 4. 24. How was your education supported? 25. What part of your support was earned through self-help? 26. As you regarded it then, what motives prompted you to go to college? 27. What was your major subject or special training in college? 28. What subjects were most liked (in order of preference)? 29. What subjects were most disliked (in order)? 30. What subject or subjects proved most useful to you after graduation? 31. What faculty members proved most stimulating to you? (Give names and position of faculty) 32. What school influences were most important in giving direction to your life? 33. To what honor societies did you belong in college? 34. To what fraternity or sorority? Please check extra-curricular activities engaged in regu-larly occasion-ally REGULARLY OCCASIONALLY 35. A. On campus Athletics Oratory and debating Fraternity or sorority Literary society Dramatics Music Religion Publications Student Government regu-larly occasion-ally On campus Social club Other forms B. Off campus Church work Social club Civic or social service Other forms"	"[False, False, False, False]"	"[nan, nan, nan, nan]"
38032209	12588	T5	text_reducer	3.4.5						
38032209	12588	T6	text_reducer	3.4.5	"[['[unclear][/unclear]', '$'], ['', '30.00']]"	2.0	1.0	[unclear][/unclear] 30.00	"[False, False]"	"[nan, nan]"
38032209	12588	T7	text_reducer	3.4.5	"[['what', 'How'], ['would', 'well'], ['', 'did'], ['you', 'you'], ['like', 'do'], ['to', 'in'], ['be', ''], ['doing', 'college'], ['ten', ''], ['years', ''], ['from', ''], ['now', '']]"	2.0	1.0833333333333300	what would did you like to be doing ten years from now	"[False, False]"	"[nan, nan]"
38032210	12588	T5	text_reducer	3.4.5						
38032210	12588	T6	text_reducer	3.4.5	"[['Have'], ['you'], ['held'], ['or'], ['do'], ['you'], ['now'], ['hold'], ['any'], ['public'], ['office?'], ['(Name)'], ['Principal'], ['M.'], ['St.'], ['High'], ['School'], ['Washington'], ['D.C.'], ['1901'], ['to'], ['1906'], ['54.'], ['Books'], ['published'], ['A'], ['voice'], ['from'], ['the'], ['South,'], [""L'Attitude""], ['de'], ['la'], ['France'], ['a'], [""L'Egard""], ['de'], [""l'Esclavage(These""], ['O.'], ['f.Poem'], ['Le'], ['Pelerinage'], ['de'], ['Charlemagne'], ['avec'], ['Glossaire'], ['edited.'], ['55.'], ['Titles'], ['of'], ['important'], ['articles'], ['published'], ['Educational'], ['Programs""'], ['Simon'], ['of'], ['Cyrene-""The'], ['Southland'], ['""the'], ['first'], ['Negro'], ['Mag.'], ['The'], ['Ethics'], ['of'], ['the'], ['Negro'], ['question,'], ['The'], ['Social'], ['Settlement'], ['Summer'], ['Edition'], ['Southern'], ['Work'], [',what'], ['it'], ['is'], ['and'], ['what'], ['it'], ['does'], ['etc.'], ['56.'], ['Honorary'], ['degrees'], ['None'], ['57.'], ['To'], ['what'], ['church'], ['denomination'], ['do'], ['you'], ['belong?'], ['Episcopal'], ['(St.'], ['Lukes'], ['P.E.)'], ['Active'], ['membership'], ['Contributing'], ['Office'], ['in'], ['church'], ['NO'], ['58'], ['What'], ['are'], ['your'], ['present'], ['cultural'], ['interests?'], ['Education'], ['of'], ['the'], ['under'], ['privileged'], ['59.'], ['What'], ['further'], ['study'], ['have'], ['you'], ['engaged'], ['in'], ['since'], ['graduation?'], ['4'], ['graduate'], ['courses'], ['at'], ['La'], ['Guilde'], ['Internationale.'], ['8'], ['full'], ['courses'], ['S.S.'], ['Columbia:'], ['Dept.'], ['Romance'], ['Lang.'], ['French'], ['101,102,103,104,105,106'], ['60.'], ['List'], ['civic'], ['and'], ['social'], ['movements'], ['in'], ['which'], ['you'], ['are'], ['engaged.'], ['Speakers'], ['Bureau'], ['Community'], ['Chest;'], ['Phyllis'], ['Wheatley;YWCA;NAACP;XI'], ['Omega'], ['Chap.;Alpha'], ['Kappa'], ['Alpha;'], ['61.'], ['Offices'], ['held'], ['in'], ['civic'], ['and'], ['social'], ['organizations'], ['Sipervisor'], ['Colored'], ['Social'], ['Settlement;'], ['Chief'], ['Guardian'], ['Campfire'], ['Girls;Organizer'], ['Girls'], ['Clubs;Y.W.'], ['War'], ['Camp'], ['Commune'], ['Charge'], ['Colored'], ['during'], ['62.'], ['In'], ['what'], ['racial'], ['movements'], ['are'], ['you'], ['actively'], ['interested?'], ['National'], ['N.'], ['Association'], ['for'], ['suppression'], ['of'], ['Atheism'], ['&'], ['Communism'], ['among'], ['colored'], ['youth'], ['63.'], ['Offices'], ['in'], ['them'], ['64.'], ['Do'], ['you'], ['vote'], ['where'], ['you'], ['now'], ['reside?[unclear][/unclear]'], ['None'], ['To'], ['what'], ['political'], ['party'], ['do'], ['you'], ['belong?'], ['Independent'], ['65.'], ['Have'], ['you'], ['a'], ['""racial'], ['philosoph""'], ['that'], ['can'], ['be'], ['briefly'], ['stated?'], ['My'], ['racial'], ['philosophy'], ['is'], ['not'], ['far'], ['removed'], ['from'], ['my'], ['general'], ['philosophy'], ['of'], ['life:that'], ['the'], ['greatest'], ['happiness'], ['comes'], ['from'], ['altruistic'], ['service'], ['&'], ['this'], ['is'], ['in'], ['reach'], ['of'], ['all'], ['of'], ['whatever'], ['race'], ['&'], ['condition.'], ['The'], ['\'Service""'], ['here'], ['meant'], ['is'], ['not'], ['a'], ['pious'], ['idea'], ['of'], ['being'], ['used'], ['any'], ['sort'], ['of'], ['exploitation'], ['whether'], ['active'], ['or'], ['passive'], ['is'], ['to'], ['my'], ['mind'], ['hopeful.'], ['Nor'], ['is'], ['the'], ['""happiness""'], ['a'], ['mere'], ['bit.'], ['66.'], ['Will'], ['you'], ['give'], ['the'], ['name'], ['of'], ['one'], ['or'], ['more'], ['of'], ['your'], ['childhood'], ['associates(whether'], ['they'], ['went'], ['to'], ['college'], ['or'], ['not)'], ['with'], ['their'], ['present'], ['address(if'], ['possible),'], ['schooling'], ['and'], ['occupation?'], ['D.S.G.'], ['Atkins'], ['Prin.'], ['Winston-Salem'], ['Inst.'], ['N.C.'], ['Mrs.'], ['Nannie'], ['Delaney(widow'], ['Bishop'], ['Delaney)'], ['80'], ['Edgecomb'], ['Ave.'], ['New'], ['York'], ['City'], ['Dean'], ['of'], ['W.'], ['St.'], ['Mrs.'], ['Jane'], ['Thomas'], ['Caspar'], ['Ave.'], ['A'], ['Huntersville'], ['Norfolk'], ['Va.'], ['former'], ['teacher'], ['social'], ['Mrs.'], ['M.E.'], ['Neale'], ['Mrs.'], ['Doctor'], ['Quentin'], ['B.'], ['Neale'], ['1315'], ['Lynn'], ['Ave.'], ['Powhuska'], ['Okla.'], ['Mrs.'], ['Anna'], ['Metcalf'], ['Root'], ['333'], ['East'], ['53rd'], ['St.'], ['New'], ['York'], ['City'], ['BA'], ['Oberlin'], ['1884'], ['Conservatory'], ['Oberlin'], ['1885'], ['Mrs.'], ['Professor'], ['Anderegg'], ['207'], ['East'], ['College'], ['St.'], ['Oberlin'], ['O.'], ['67.'], ['Will'], ['you'], ['give'], ['briefly'], ['your'], ['views'], ['of'], ['the'], ['future'], ['of'], ['Negro'], ['education?'], ['(What'], ['it'], ['should'], ['be,'], ['what'], ['changes'], ['might'], ['be'], ['made'], ['in'], ['the'], ['light'], ['of'], ['your'], ['experience;'], ['its'], ['present'], ['direction,'], ['value,'], ['etc.'], ['for'], ['the'], ['development'], ['of'], ['Negro'], ['youth.)'], ['I'], ['have'], ['always'], ['stood'], ['for'], ['the'], ['Education'], ['that'], ['aims'], ['at'], ['the'], ['making'], ['of'], ['Mere'], ['rather'], ['than'], ['the'], ['constructing'], ['of'], ['machines,if'], ['the'], ['Negro'], ['is'], ['a'], ['man'], ['then'], ['what'], ['is'], ['good'], ['for'], ['Man'], ['in'], ['all'], ['its'], ['age'], ['old'], ['and'], ['infinte'], ['varieties,'], ['is'], ['good'], ['for'], ['him.'], ['Why'], ['should'], ['he'], ['be'], ['cabined'], ['&'], ['cribbed'], ['with'], ['just'], ['this'], ['or'], ['just'], ['that'], ['for'], ['his'], ['mental'], ['fabuless'], ['See'], ['also'], ['""Anonymous'], ['paragraph'], ['enclosed'], ['herewith.']]"	1.0	1.0	"Have you held or do you now hold any public office? (Name) Principal M. St. High School Washington D.C. 1901 to 1906 54. Books published A voice from the South, L'Attitude de la France a L'Egard de l'Esclavage(These O. f.Poem Le Pelerinage de Charlemagne avec Glossaire edited. 55. Titles of important articles published Educational Programs"" Simon of Cyrene-""The Southland ""the first Negro Mag. The Ethics of the Negro question, The Social Settlement Summer Edition Southern Work ,what it is and what it does etc. 56. Honorary degrees None 57. To what church denomination do you belong? Episcopal (St. Lukes P.E.) Active membership Contributing Office in church NO 58 What are your present cultural interests? Education of the under privileged 59. What further study have you engaged in since graduation? 4 graduate courses at La Guilde Internationale. 8 full courses S.S. Columbia: Dept. Romance Lang. French 101,102,103,104,105,106 60. List civic and social movements in which you are engaged. Speakers Bureau Community Chest; Phyllis Wheatley;YWCA;NAACP;XI Omega Chap.;Alpha Kappa Alpha; 61. Offices held in civic and social organizations Sipervisor Colored Social Settlement; Chief Guardian Campfire Girls;Organizer Girls Clubs;Y.W. War Camp Commune Charge Colored during 62. In what racial movements are you actively interested? National N. Association for suppression of Atheism & Communism among colored youth 63. Offices in them 64. Do you vote where you now reside?[unclear][/unclear] None To what political party do you belong? Independent 65. Have you a ""racial philosoph"" that can be briefly stated? My racial philosophy is not far removed from my general philosophy of life:that the greatest happiness comes from altruistic service & this is in reach of all of whatever race & condition. The 'Service"" here meant is not a pious idea of being used any sort of exploitation whether active or passive is to my mind hopeful. Nor is the ""happiness"" a mere bit. 66. Will you give the name of one or more of your childhood associates(whether they went to college or not) with their present address(if possible), schooling and occupation? D.S.G. Atkins Prin. Winston-Salem Inst. N.C. Mrs. Nannie Delaney(widow Bishop Delaney) 80 Edgecomb Ave. New York City Dean of W. St. Mrs. Jane Thomas Caspar Ave. A Huntersville Norfolk Va. former teacher social Mrs. M.E. Neale Mrs. Doctor Quentin B. Neale 1315 Lynn Ave. Powhuska Okla. Mrs. Anna Metcalf Root 333 East 53rd St. New York City BA Oberlin 1884 Conservatory Oberlin 1885 Mrs. Professor Anderegg 207 East College St. Oberlin O. 67. Will you give briefly your views of the future of Negro education? (What it should be, what changes might be made in the light of your experience; its present direction, value, etc. for the development of Negro youth.) I have always stood for the Education that aims at the making of Mere rather than the constructing of machines,if the Negro is a man then what is good for Man in all its age old and infinte varieties, is good for him. Why should he be cabined & cribbed with just this or just that for his mental fabuless See also ""Anonymous paragraph enclosed herewith."	[False]	[nan]
38032210	12588	T7	text_reducer	3.4.5						
38032211	12588	T5	text_reducer	3.4.5						
38032211	12588	T6	text_reducer	3.4.5	"[['(46.', '(46'], ['Cont.)', 'Cout.)'], ['different', 'different'], ['curriculum', 'curriculum'], ['be', 'be'], ['granted', 'granted'], ['the', 'the'], ['colored', 'colored'], ['High', 'High'], ['School,', 'School,'], ['whose', 'whose'], ['pupils', 'pupils'], ['he', 'he'], ['said', 'said'], ['were', 'were'], ['not', 'not'], ['capable', 'capable'], ['of', 'of'], ['doing', 'doing'], ['the', 'the'], ['regular', 'regular'], ['work.', 'work.'], ['Insubordination', 'Insubordination'], ['was', 'was'], ['charged', 'charged'], ['&', 'and'], ['effectively', 'effectively'], ['pressed', 'pressed'], ['when', 'when'], ['the', 'the'], ['Principal', 'principal'], ['sent', 'sent'], ['to', 'to'], ['Harvard,', 'Harvard,'], ['Yale,', 'Yale,'], ['Brown', 'Brown'], ['&', '&'], ['Oberlin', 'Oberlin'], ['students', 'students'], ['directly', 'directly'], ['from', 'from'], ['the', 'the'], ['M', 'M'], ['St.', 'St.'], ['classes', 'classes'], ['who', 'who'], ['passed', 'passed'], ['successfully', 'successfully'], ['their', 'their'], ['entrance', 'entrance'], ['exams', 'exams,'], ['some', 'some'], ['with', 'with'], ['high', 'high'], ['honors.', 'honors.'], ['The', 'The'], ['first', 'first'], ['time', 'time'], ['in', 'in'], ['its', 'its'], ['history', 'history'], ['the', 'the'], ['Colored', 'Colored'], ['H.S.', 'H.S.'], ['of', 'of'], ['Wash.', 'Wash'], ['was', 'was'], ['listed', 'listed'], ['as', 'as'], ['""accredited""', '""accredited""'], ['by', 'by'], ['Harvard', 'Harvard'], ['&', '&'], ['given', 'given'], ['the', 'the'], ['certificate', 'certificate'], ['privilege.', 'privilege'], ['For', 'for'], ['which', 'which'], ['unpardonable', 'unpardonable'], ['""sins""', '""sin""'], ['against', 'against'], ['racial', 'racial'], ['supremacy', 'supremacy'], ['said', 'said'], ['principal', 'principal'], ['suffers', 'suffers'], ['to', 'to'], ['this', 'this'], ['day', 'day'], ['the', 'the'], ['punishment', 'punishment'], ['of', 'of'], ['the', 'the'], ['damned', 'damned'], ['from', 'from'], ['both', 'both'], ['the', 'the'], ['white', 'white'], ['masters', 'masters'], ['and', '&'], ['the', 'the'], ['colored', 'colored'], ['understrappers.', 'understrappers.'], ['[insertion]gine', ''], ['S.A.', ''], ['man', ''], ['upton[/insertion]', ''], ['[insertion]ale,', ''], ['Paris', ''], ['Philology', ''], ['[unclear]Oldtyr[/unclear][/insertion]', ''], ['(65', '(65'], ['cont.)of', 'Cont.)'], ['', 'of'], ['Pollyanna', 'Pollyanna'], ['stuff.', 'stuff'], ['I', 'I'], ['am', 'am'], ['as', 'as'], ['sensitive', 'sensitive'], ['to', 'to'], ['handicaps', 'handicaps'], ['as', 'as'], ['those', 'those'], ['who', 'who'], ['are', 'are'], ['always', 'always'], ['whining', 'whining'], ['about', 'about'], ['them', 'them'], ['&', '&'], ['the', 'the'], ['whips', 'whips'], ['&', '&'], ['stings', 'slings'], ['of', 'of'], ['prejudice,', 'prejudice,'], ['whether', 'whether'], ['of', 'of'], ['color', 'color'], ['or', ''], ['sex,', ''], ['find', ''], ['me', ''], ['neither', ''], ['too', ''], ['calloused', ''], ['to', ''], ['suffer,', ''], ['nor', ''], ['too', ''], ['ignorant', ''], ['to', ''], ['know', ''], ['what', ''], ['is', ''], ['due', ''], ['me.', ''], ['Our', ''], ['own', ''], ['men', ''], ['as', ''], ['a', ''], ['group', ''], ['have', ''], ['not', ''], ['inherited', ''], ['traditions', ''], ['of', ''], ['chiv-alry', ''], ['(one', ''], ['sided', ''], ['as', ''], ['it', ''], ['may', ''], ['be', ''], ['among', ''], ['white', ''], ['men)', ''], ['&', ''], ['we', ''], ['women', ''], ['are', ''], ['generally', ''], ['left', ''], ['to', ''], ['do', ''], ['our', ''], ['race', ''], ['battling', ''], ['alone', ''], ['except', ''], ['for', ''], ['empty', ''], ['compliments', ''], ['now', ''], ['&', ''], ['then.', ''], ['Even', ''], ['so,', ''], ['one', ''], ['may', ''], ['make', ''], ['the', ''], ['mistake', ''], ['of', ''], ['looking', ''], ['at', ''], ['race', ''], ['handicaps', ''], ['thro', ''], ['the', ''], ['wrong', ''], ['end', ''], ['of', ''], ['the', ''], ['telescope', ''], ['imagining', ''], ['that', ''], ['oppression', ''], ['goes', ''], ['only', ''], ['with', ''], ['color.', ''], ['When', ''], ['I', ''], ['encounter', ''], ['[insertion]ify', ''], ['Service', ''], ['Devils', ''], ['Work', ''], ['ng', ''], ['Word', ''], ['War[/insertion]', ''], ['brutality', ''], ['I', ''], ['need', ''], ['not', ''], ['always', ''], ['charge', ''], ['it', ''], ['to', ''], ['my', ''], ['race.', ''], ['It', ''], ['may', ''], ['be', ''], ['-', ''], ['&', ''], ['generally', ''], ['is', ''], ['-', ''], ['chargeable', ''], ['to', ''], ['the', ''], ['imperfections', ''], ['in', ''], ['the', ''], ['civilization', ''], ['environing', ''], ['me', ''], ['for', ''], ['which', ''], ['as', ''], ['a', ''], ['teacher', ''], ['&', ''], ['trained', ''], ['thinker', ''], ['I', ''], ['take', ''], ['my', ''], ['share', ''], ['of', ''], ['responsibility.', ''], ['The', ''], ['extent,', ''], ['then,', ''], ['of', ''], ['the', ''], ['optimism', ''], ['in', ''], ['my', ''], ['philosophy', ''], ['is', ''], ['that,', ''], ['(statisticians', ''], ['&', ''], ['Social', ''], ['Service', ''], ['Research', ''], ['compilers', ''], ['to', ''], ['the', ''], ['contrary', ''], ['notwithstanding)', ''], ['the', ''], ['solution', ''], ['of', ''], ['our', ''], ['problem', ''], ['will', ''], ['be', ''], ['individual', ''], ['&', ''], ['not', ''], ['en', ''], ['masse,', ''], ['&', ''], ['the', ''], ['habit', ''], ['of', ''], ['generalization', ''], ['&', ''], ['deductive', ''], ['logic', ''], ['has', ''], ['done', ''], ['its', ''], ['worst.', ''], ['For', ''], ['after', ''], ['all,', ''], ['Social', ''], ['Justice', ''], ['the', ''], ['desired', ''], ['goal', ''], ['is', ''], ['not', ''], ['to', ''], ['be', ''], ['reached', ''], ['thro', ''], ['any', ''], ['panacea', ''], ['[insertion]ng.', ''], ['retired', ''], ['iker[/insertion]', ''], ['by', ''], ['mass', ''], ['production,', ''], ['whether', ''], [""DuBois's"", ''], ['preachment', ''], ['of', ''], ['the', ''], ['ballot', ''], ['box', ''], ['&', ''], ['intermarriage', ''], ['or', ''], ['Kelly', ''], [""Miller's"", ''], ['one', ''], ['time', ''], ['suggestions', ''], ['of', ''], ['self', ''], ['effacement,', ''], ['or', 'or'], ['even', ''], ['Booker', ''], [""Washington's"", '']]"	2.0	1.3287671232876700	"(46. Cont.) different curriculum be granted the colored High School, whose pupils he said were not capable of doing the regular work. Insubordination was charged & effectively pressed when the Principal sent to Harvard, Yale, Brown & Oberlin students directly from the M St. classes who passed successfully their entrance exams some with high honors. The first time in its history the Colored H.S. of Wash. was listed as ""accredited"" by Harvard & given the certificate privilege. For which unpardonable ""sins"" against racial supremacy said principal suffers to this day the punishment of the damned from both the white masters and the colored understrappers. [insertion]gine S.A. man upton[/insertion] [insertion]ale, Paris Philology [unclear]Oldtyr[/unclear][/insertion] (65 cont.)of of Pollyanna stuff. I am as sensitive to handicaps as those who are always whining about them & the whips & stings of prejudice, whether of color or sex, find me neither too calloused to suffer, nor too ignorant to know what is due me. Our own men as a group have not inherited traditions of chiv-alry (one sided as it may be among white men) & we women are generally left to do our race battling alone except for empty compliments now & then. Even so, one may make the mistake of looking at race handicaps thro the wrong end of the telescope imagining that oppression goes only with color. When I encounter [insertion]ify Service Devils Work ng Word War[/insertion] brutality I need not always charge it to my race. It may be - & generally is - chargeable to the imperfections in the civilization environing me for which as a teacher & trained thinker I take my share of responsibility. The extent, then, of the optimism in my philosophy is that, (statisticians & Social Service Research compilers to the contrary notwithstanding) the solution of our problem will be individual & not en masse, & the habit of generalization & deductive logic has done its worst. For after all, Social Justice the desired goal is not to be reached thro any panacea [insertion]ng. retired iker[/insertion] by mass production, whether DuBois's preachment of the ballot box & intermarriage or Kelly Miller's one time suggestions of self effacement, or even Booker Washington's"	"[False, False]"	"[1974471.0, nan]"
38032211	12588	T7	text_reducer	3.4.5	"[['proposal'], ['of'], ['the'], ['solid'], ['hand'], ['&'], ['separate'], ['fingers.'], ['For'], ['human'], ['selfishness'], ['will'], ['always'], ['arise'], ['as'], ['the'], ['domineering'], ['thumb[insertion]underlined[/insertion]'], ['to'], ['override'], ['&'], ['keep'], ['down'], ['every'], ['finger'], ['weak'], ['enough'], ['to'], ['give'], ['up'], ['the'], ['struggle.'], ['The'], ['ballot'], ['operates'], ['just'], ['so'], ['far'], ['as'], ['dominant'], ['forces'], ['agree'], ['to'], ['respect'], ['it'], ['which'], ['again'], ['is'], ['reasoning'], ['in'], ['a'], ['circle'], ['to'], ['insure'], ['justice'], ['by'], ['having'], ['men'], ['become'], ['just'], ['&'], ['the'], ['spectacle'], ['of'], ['[unclear][/unclear]angsler'], ['dominance'], ['among'], ['ballot'], ['holding'], ['Americans'], ['invites'], ['little'], ['hope'], ['for'], ['solution'], ['then'], ['the'], ['element'], ['of'], ['race'], ['is'], ['added'], ['to'], ['the'], ['problem.'], ['As'], ['I'], ['see'], ['it'], ['then'], ['the'], ['patient'], ['persistence'], ['of'], ['[unclear][/unclear]'], ['individual,'], ['working'], ['as'], ['Browning'], ['has'], ['it'], ['""mouthwise'], ['&'], ['pen-wise""'], ['in'], ['whatever'], ['station'], ['&'], ['with'], ['whatever'], ['talent'], ['God'], ['has'], ['given,'], ['in'], ['truth'], ['&'], ['loyalty'], ['to'], ['serve'], ['the'], ['whole,'], ['will'], ['come'], ['as'], ['near'], ['as'], ['any'], ['other'], ['to'], ['proving'], ['worthwhile.'], ['To'], ['me'], ['Life'], ['has'], ['meant'], ['a'], ['big'], ['opportunity'], ['&'], ['I'], ['am'], ['thankful'], ['that'], ['my'], ['work'], ['has'], ['always'], ['been'], ['the'], ['sort'], ['that'], ['beckoned'], ['me'], ['on,'], ['leaving'], ['no'], ['room'], ['for'], [""blase'""], ['philosophising'], ['&'], ['[unclear][/unclear]bellions'], ['resentment'], ['&'], ['with'], ['just'], ['enough'], ['opposition'], ['to'], ['give'], ['zest'], ['to'], ['the'], ['struggle,'], ['just'], ['enough'], ['hope'], ['of'], ['scoring'], ['[unclear][/unclear]mewhere'], ['among'], ['the'], ['winners'], ['to'], ['keep'], ['my'], ['head'], ['""unbowed'], ['tho'], ['bloody.""']]"	1.0	1.0	"proposal of the solid hand & separate fingers. For human selfishness will always arise as the domineering thumb[insertion]underlined[/insertion] to override & keep down every finger weak enough to give up the struggle. The ballot operates just so far as dominant forces agree to respect it which again is reasoning in a circle to insure justice by having men become just & the spectacle of [unclear][/unclear]angsler dominance among ballot holding Americans invites little hope for solution then the element of race is added to the problem. As I see it then the patient persistence of [unclear][/unclear] individual, working as Browning has it ""mouthwise & pen-wise"" in whatever station & with whatever talent God has given, in truth & loyalty to serve the whole, will come as near as any other to proving worthwhile. To me Life has meant a big opportunity & I am thankful that my work has always been the sort that beckoned me on, leaving no room for blase' philosophising & [unclear][/unclear]bellions resentment & with just enough opposition to give zest to the struggle, just enough hope of scoring [unclear][/unclear]mewhere among the winners to keep my head ""unbowed tho bloody."""	[False]	[1974471.0]